event_id,node_id,start_timestamp,subsidence_event_timestamp,end_timestamp,buildup_hours,added_tilt_deg,added_displacement_mm,vibration_multiplier_at_peak,event_type
EVT_01,NODE_02,2026-08-07 08:00:00,2026-08-07 14:00:00,2026-08-07 16:00:00,6.0,2.4,22.0,6.0,subsidence_precursor
EVT_02,NODE_05,2026-08-12 20:00:00,2026-08-13 03:00:00,2026-08-13 05:00:00,7.0,3.6,31.0,7.5,subsidence_precursor
EVT_03,NODE_07,2026-08-19 15:00:00,2026-08-19 20:00:00,2026-08-19 23:00:00,5.0,1.8,17.0,4.5,subsidence_precursor
EVT_04,NODE_01,2026-08-04 08:45:00,2026-08-04 09:00:00,2026-08-04 09:15:00,0.75,0.0,0.0,9.0,decoy_seismic
EVT_05,NODE_04,2026-08-15 10:45:00,2026-08-15 11:00:00,2026-08-15 11:30:00,1.0,0.0,0.0,6.5,decoy_seismic
EVT_06,NODE_03,2026-08-25 05:00:00,2026-08-25 10:00:00,2026-08-25 12:00:00,5.0,2.0,19.0,5.5,subsidence_precursor
EVT_07,NODE_06,2026-08-30 08:00:00,2026-08-30 16:00:00,2026-08-30 19:00:00,8.0,3.0,26.0,6.8,subsidence_precursor
EVT_08,NODE_08,2026-09-04 18:00:00,2026-09-04 22:00:00,2026-09-04 23:30:00,4.0,1.5,14.0,4.0,subsidence_precursor
EVT_09,NODE_01,2026-09-10 00:30:00,2026-09-10 07:00:00,2026-09-10 09:00:00,6.5,2.8,24.0,7.0,subsidence_precursor
EVT_10,NODE_04,2026-09-18 05:30:00,2026-09-18 13:00:00,2026-09-18 15:30:00,7.5,3.3,29.0,6.0,subsidence_precursor
EVT_11,NODE_02,2026-09-25 12:30:00,2026-09-25 18:00:00,2026-09-25 20:00:00,5.5,2.2,20.0,5.0,subsidence_precursor
EVT_12,NODE_05,2026-08-24 08:45:00,2026-08-24 09:00:00,2026-08-24 09:15:00,0.75,0.0,0.0,8.0,decoy_seismic
EVT_13,NODE_07,2026-08-29 13:30:00,2026-08-29 14:00:00,2026-08-29 14:15:00,1.0,0.0,0.0,5.8,decoy_seismic
EVT_14,NODE_03,2026-09-02 10:45:00,2026-09-02 11:00:00,2026-09-02 11:15:00,0.75,0.0,0.0,7.2,decoy_seismic
EVT_15,NODE_06,2026-09-07 15:45:00,2026-09-07 16:15:00,2026-09-07 16:30:00,1.0,0.0,0.0,6.2,decoy_seismic
EVT_16,NODE_08,2026-09-14 07:45:00,2026-09-14 08:00:00,2026-09-14 08:15:00,0.75,0.0,0.0,9.4,decoy_seismic
EVT_17,NODE_01,2026-09-22 18:30:00,2026-09-22 19:00:00,2026-09-22 19:15:00,1.0,0.0,0.0,5.2,decoy_seismic
EVT_18,NODE_09,2026-10-03 03:00:00,2026-10-03 09:00:00,2026-10-03 11:00:00,6.0,2.3,21.0,5.8,subsidence_precursor
EVT_19,NODE_10,2026-10-06 06:30:00,2026-10-06 15:00:00,2026-10-06 18:00:00,8.5,3.8,33.0,7.8,subsidence_precursor
EVT_20,NODE_01,2026-10-09 16:30:00,2026-10-09 21:00:00,2026-10-09 22:30:00,4.5,1.6,15.0,4.2,subsidence_precursor
EVT_21,NODE_03,2026-10-12 23:00:00,2026-10-13 06:00:00,2026-10-13 08:30:00,7.0,2.9,25.0,6.3,subsidence_precursor
EVT_22,NODE_05,2026-10-17 07:00:00,2026-10-17 12:00:00,2026-10-17 14:00:00,5.0,2.0,18.0,5.0,subsidence_precursor
EVT_23,NODE_07,2026-10-21 11:30:00,2026-10-21 18:00:00,2026-10-21 20:00:00,6.5,2.6,23.0,6.6,subsidence_precursor
EVT_24,NODE_02,2026-10-27 04:00:00,2026-10-27 08:00:00,2026-10-27 09:30:00,4.0,1.3,12.0,3.8,subsidence_precursor
EVT_25,NODE_04,2026-11-01 06:00:00,2026-11-01 14:00:00,2026-11-01 17:00:00,8.0,3.4,30.0,7.2,subsidence_precursor
EVT_26,NODE_06,2026-11-06 14:30:00,2026-11-06 20:00:00,2026-11-06 22:00:00,5.5,2.2,20.0,5.4,subsidence_precursor
EVT_27,NODE_08,2026-10-11 09:45:00,2026-10-11 10:00:00,2026-10-11 10:15:00,0.75,0.0,0.0,8.5,decoy_seismic
EVT_28,NODE_09,2026-10-20 13:30:00,2026-10-20 14:00:00,2026-10-20 14:15:00,1.0,0.0,0.0,6.0,decoy_seismic
EVT_29,NODE_10,2026-10-24 08:45:00,2026-10-24 09:00:00,2026-10-24 09:00:00,0.5,0.0,0.0,9.8,decoy_seismic
EVT_30,NODE_01,2026-10-29 15:30:00,2026-10-29 16:00:00,2026-10-29 16:15:00,1.0,0.0,0.0,5.5,decoy_seismic
EVT_31,NODE_03,2026-11-05 10:45:00,2026-11-05 11:00:00,2026-11-05 11:15:00,0.75,0.0,0.0,7.6,decoy_seismic
EVT_32,NODE_05,2026-11-09 16:30:00,2026-11-09 17:00:00,2026-11-09 17:15:00,1.0,0.0,0.0,6.4,decoy_seismic
EVT_33,NODE_07,2026-11-13 07:45:00,2026-11-13 08:00:00,2026-11-13 08:15:00,0.75,0.0,0.0,9.0,decoy_seismic
